mmsi,status,station,speed,lon,lat,course,heading,rot,timestamp
518,311040700,676,198,34.65781,33.56754,55,56,,0,1372699560,,
521,311040700,682,198,34.67722,33.57887,55,56,,0,1372700520,,
525,311040700,687,158,33.33869,34.37473,288,288,,0,1372700400,,
526,311040700,688,158,33.89908,34.23135,287,287,,0,1372700340,,
527,311040700,689,198,34.68541,33.58361,55,56,,0,1372700280,,
529,311040700,691,198,34.69083,33.58672,55,55,,0,1372700160,,
532,311040700,695,198,34.70501,33.59457,57,57,,0,1372700400,,
534,311040700,698,198,34.71932,33.60245,56,56,,0,1372700280,,
537,311040700,701,197,34.73141,33.60904,57,56,,0,1372700640,,
538,311040700,702,198,34.73692,33.61204,56,56,,0,1372700520,,
541,311040700,705,197,34.74463,33.61625,57,57,,0,1372700100,,
543,311040700,707,197,34.75455,33.62163,56,56,,0,1372700040,,
545,311040700,710,197,34.77545,33.63301,56,57,,0,1372700460,,
546,311040700,711,197,34.78316,33.63719,56,56,,0,1372700580,,
548,311040700,713,198,34.7975,33.64496,56,57,,0,1372700400,,
549,311040700,714,197,34.81533,33.65456,57,56,,0,1372700580,,
550,311040700,715,199,34.85247,33.67465,56,56,,0,1372700520,,
553,311040700,718,198,34.86767,33.68335,55,55,,0,1372700460,,
554,311040700,719,199,34.87584,33.68802,55,55,,0,1372700160,,
556,311040700,722,199,34.88338,33.69238,55,54,,0,1372700100,,
557,311040700,723,199,34.89551,33.69931,55,54,,0,1372700460,,
559,311040700,726,199,34.91028,33.70773,55,55,,0,1372700220,,
561,311040700,728,199,34.91632,33.71118,56,55,,0,1372700460,,
562,311040700,729,199,34.92453,33.71588,55,54,,0,1372700220,,
564,311040700,731,199,34.95195,33.73156,56,55,,0,1372700640,,
566,311040700,733,199,34.95799,33.73501,55,55,,0,1372700100,,
568,311040700,735,199,34.96412,33.73849,55,55,,0,1372700460,,
569,311040700,736,199,34.97112,33.74251,55,55,,0,1372700580,,
571,311040700,738,198,34.97879,33.74686,55,55,,0,1372700340,,
573,311040700,740,196,34.98642,33.75117,56,55,,0,1372700160,,
575,311040700,743,194,34.9929,33.75483,56,55,,0,1372700520,,
576,311040700,744,193,34.99825,33.75782,56,55,,0,1372700280,,
578,311040700,747,190,35.00882,33.76375,56,54,,0,1372700100,,
580,311040700,749,187,35.01614,33.76783,56,55,,0,1372700220,,
581,311040700,750,185,35.02281,33.77159,56,55,,0,1372700100,,
583,311040700,752,183,35.0284,33.77474,55,54,,0,1372700100,,
584,311040700,753,181,35.03445,33.77811,56,55,,0,1372699920,,
587,311040700,757,179,35.04606,33.78451,57,54,,0,1372700460,,
588,311040700,760,178,35.05246,33.78801,56,54,,0,1372700220,,
589,311040700,763,178,35.05843,33.79129,56,54,,0,1372700100,,
592,311040700,766,179,35.07688,33.80146,56,55,,0,1372700400,,
594,311040700,768,178,35.08273,33.80475,56,54,,0,1372700400,,
595,311040700,769,178,35.08864,33.80809,56,55,,0,1372699140,,
596,311040700,770,178,35.09462,33.81146,55,54,,0,1372696440,,
597,311040700,771,177,35.10333,33.81643,55,55,,0,1372700460,,
598,311040700,772,177,35.10873,33.81947,56,55,,0,1372700220,,
599,311040700,773,177,35.11949,33.82553,55,54,,0,1372700460,,
600,311040700,774,176,35.12533,33.82884,55,55,,0,1372700220,,
601,311040700,775,176,35.13605,33.83489,55,54,,0,1372700340,,
602,311040700,776,176,35.14139,33.83794,55,55,,0,1372699200,,
604,311040700,778,176,35.14769,33.84155,55,55,,0,1372700100,,
606,311040700,780,176,35.15349,33.8449,55,54,,0,1372700340,,
607,311040700,782,176,35.15985,33.84859,55,55,,0,1372697880,,
608,311040700,783,176,35.17656,33.85826,55,55,,0,1372700040,,
610,311040700,785,176,35.18197,33.86137,55,54,,0,1372645620,,
612,311040700,787,175,35.18728,33.86441,55,55,,0,1372698840,,
614,311040700,789,175,35.19261,33.86744,55,55,,0,1372697340,,
615,311040700,790,167,35.19705,33.87066,42,39,,0,1372700160,,
616,311040700,793,170,35.20143,33.87531,39,39,,0,1372700400,,
617,311040700,794,171,35.20532,33.8795,36,35,,0,1372700280,,
618,311040700,795,173,35.20903,33.88379,36,35,,0,1372700100,,
620,311040700,798,174,35.21305,33.88842,36,35,,0,1372700640,,
621,311040700,799,175,35.21685,33.89284,35,35,,0,1372700460,,
623,311040700,801,175,35.22056,33.89713,36,35,,0,1372700100,,
624,311040700,802,175,35.22402,33.90107,35,35,,0,1372700340,,
626,311040700,805,176,35.24051,33.91312,67,68,,0,1372700280,,
628,311040700,807,175,35.24668,33.9147,75,74,,0,1372700520,,
630,311040700,809,175,35.25303,33.91565,83,83,,0,1372700460,,
631,311040700,811,172,35.26105,33.9165,82,83,,0,1372699140,,
632,311040700,812,171,35.26736,33.91686,87,86,,0,1372699980,,
634,311040700,815,167,35.28148,33.91766,86,86,,0,1372700580,,
635,311040700,816,165,35.28867,33.91807,86,85,,0,1372700520,,
636,311040700,817,161,35.30115,33.9187,86,86,,0,1372700340,,
637,311040700,818,159,35.30755,33.91901,86,86,,0,1372700040,,
638,311040700,819,157,35.31343,33.91932,86,85,,0,1372700220,,
640,311040700,821,154,35.31956,33.91962,86,86,,0,1372700040,,
641,311040700,822,153,35.32519,33.91989,88,88,,0,1372700100,,
642,311040700,823,138,35.33639,33.9201,88,88,,0,1372700040,,
643,311040700,824,131,35.34177,33.9202,88,87,,0,1372700220,,
644,311040700,825,118,35.35102,33.92041,88,88,,0,1372700520,,
645,311040700,826,111,35.35532,33.92049,88,88,,0,1372700460,,
646,311040700,827,106,35.3596,33.92057,88,88,,0,1372700460,,
647,311040700,828,102,35.3648,33.92065,89,88,,0,1372700460,,
648,311040700,832,99,35.36921,33.92071,88,87,,0,1372699320,,
649,311040700,833,98,35.37311,33.92077,89,87,,0,1372700460,,
650,311040700,834,97,35.37698,33.92084,89,88,,0,1372700220,,
651,311040700,837,96,35.39261,33.92113,88,88,,0,1372700160,,
652,311040700,838,96,35.39687,33.92118,89,88,,0,1372700520,,
654,311040700,840,96,35.41717,33.9214,89,88,,0,1372700340,,
655,311040700,841,95,35.4331,33.92151,89,88,,0,1372700340,,
656,311040700,843,95,35.4374,33.92154,89,88,,0,1372700280,,
657,311040700,844,94,35.44153,33.92156,89,88,,0,1372699740,,
658,311040700,845,94,35.44533,33.92158,89,88,,0,1372700640,,
659,311040700,846,94,35.44895,33.92159,89,88,,0,1372700400,,
660,311040700,847,94,35.46529,33.92165,89,88,,0,1372700220,,
661,311040700,848,92,35.47261,33.9219,87,85,,0,1372699980,,
662,311040700,849,89,35.47617,33.92208,86,85,,0,1372700580,,
663,311040700,850,85,35.47956,33.92227,85,85,,0,1372700580,,
664,311040700,851,80,35.48686,33.92299,79,79,,0,1372700280,,
665,311040700,852,80,35.48997,33.92344,80,80,,0,1372700400,,
666,311040700,853,80,35.49343,33.92397,79,80,,0,1372700220,,
667,311040700,854,79,35.5027,33.92543,79,80,,0,1372700280,,
668,311040700,855,79,35.50617,33.92597,79,80,,0,1372700340,,
669,311040700,856,79,35.50916,33.92643,79,80,,0,1372700040,,
670,311040700,857,79,35.51224,33.92688,79,80,,0,1372700160,,
671,311040700,858,79,35.51562,33.92737,82,83,,0,1372700100,,
672,311040700,859,37,35.52297,33.92728,105,109,,0,1372700100,,
673,311040700,860,9,35.52414,33.92705,58,127,,0,1372700340,,
674,311040700,861,6,35.52421,33.92749,355,123,,0,1372700460,,
675,311040700,862,3,35.52409,33.92775,324,122,,0,1372700400,,
676,311040700,863,3,35.52379,33.92814,323,123,,0,1372700400,,
677,311040700,864,4,35.5232,33.92895,329,114,,0,1372700040,,
678,311040700,865,4,35.52289,33.92937,325,106,,0,1372699020,,
679,311040700,866,4,35.52256,33.92975,323,98,,0,1372700280,,
681,311040700,869,9,35.5221,33.93007,90,106,,0,1372700220,,
683,311040700,871,32,35.52356,33.92979,104,106,,0,1372700100,,
684,311040700,872,28,35.52583,33.92928,107,109,,0,1372700100,,
685,311040700,874,24,35.52742,33.92868,120,124,,0,1372700640,,
686,311040700,875,19,35.52879,33.92783,128,137,,0,1372700100,,
689,311040700,878,3,35.53007,33.92697,105,142,,0,1372700100,,
690,311040700,879,3,35.53043,33.9268,128,141,,0,1372700400,,
691,311040700,880,67,35.5348,33.9225,141,141,,0,1372700160,,
692,311040700,881,71,35.53595,33.92064,160,164,,0,1372700520,,
693,311040700,882,65,35.5355,33.91649,205,209,,0,1372700160,,
694,311040700,883,65,35.534,33.91479,222,225,,0,1372700220,,
695,311040700,884,51,35.53043,33.91205,229,228,,0,1372700280,,
696,311040700,885,35,35.5254,33.90833,225,223,,0,1372700580,,
697,311040700,886,27,35.52266,33.90646,230,230,,0,1372697280,,
698,311040700,887,8,35.52127,33.90593,13,264,,0,1372700100,,
699,311040700,889,9,35.5217,33.90638,123,357,,0,1372700040,,
700,311040700,890,16,35.52354,33.90709,56,57,,0,1372700460,,
702,311040700,892,1,35.5253,33.90765,68,59,,5,1372700100,,
703,311040700,893,2,35.52525,33.90763,267,57,,5,1372700160,,
704,311040700,894,0,35.52519,33.90761,261,57,,5,1372700220,,
705,311040700,895,0,35.52519,33.90762,261,57,,5,1372700460,,
706,311040700,896,0,35.5252,33.90762,261,57,,5,1372700400,,
707,311040700,897,0,35.5252,33.90762,261,57,,5,1372700340,,
708,311040700,898,0,35.52522,33.90762,261,57,,5,1372700580,,
709,311040700,899,0,35.52518,33.90763,261,57,,5,1372700460,,
711,311040700,901,0,35.52518,33.90762,261,57,,5,1372692480,,
712,311040700,902,0,35.5252,33.90761,261,57,,5,1372699980,,
715,311040700,905,0,35.52521,33.9076,261,57,,5,1372700220,,
716,311040700,906,0,35.52522,33.90761,261,57,,5,1372700280,,
717,311040700,907,0,35.52518,33.90762,261,57,,5,1372700100,,
718,311040700,908,0,35.52519,33.90761,261,57,,5,1372700520,,
721,311040700,911,0,35.5252,33.90761,261,57,,5,1372700100,,
722,311040700,912,0,35.5252,33.90761,261,57,,5,1372700520,,
723,311040700,913,0,35.5252,33.90761,261,57,,5,1372700640,,
726,311040700,916,0,35.52521,33.90761,261,57,,5,1372700520,,
729,311040700,921,0,35.52519,33.90762,261,57,,5,1372700400,,
730,311040700,922,0,35.5252,33.90761,261,57,,5,1372700040,,
732,311040700,924,0,35.52521,33.90761,261,57,,5,1372700220,,
735,311040700,927,0,35.52521,33.90761,261,57,,5,1372700220,,
738,311040700,931,0,35.52522,33.90761,261,57,,5,1372700400,,
740,311040700,933,0,35.5252,33.90761,261,57,,5,1372700280,,
746,311040700,940,0,35.52522,33.90761,261,57,,5,1372700460,,
748,311040700,943,0,35.52522,33.90761,261,57,,5,1372700460,,
750,311040700,945,0,35.52522,33.90762,261,57,,5,1372700580,,
755,311040700,951,0,35.52521,33.90762,261,57,,5,1372700520,,
757,311040700,953,0,35.52521,33.90762,261,57,,5,1372700640,,
759,311040700,955,0,35.52522,33.90762,261,57,,5,1372700100,,
760,311040700,956,0,35.52521,33.90761,261,57,,5,1372700580,,
762,311040700,958,0,35.52521,33.90761,261,57,,5,1372700640,,
764,311040700,960,0,35.52522,33.90763,261,57,,5,1372700460,,
768,311040700,964,0,35.52519,33.90762,261,57,,5,1372700100,,
771,311040700,967,0,35.52519,33.90762,261,57,,5,1372700160,,
772,311040700,968,0,35.5252,33.90762,261,57,,5,1372700340,,
775,311040700,972,0,35.52521,33.90761,261,57,,5,1372700160,,
777,311040700,975,0,35.52519,33.90762,261,57,,5,1372700040,,
780,311040700,978,0,35.52519,33.90761,261,57,,5,1372700400,,
782,311040700,980,0,35.52521,33.90762,261,57,,5,1372700220,,
785,311040700,985,0,35.52519,33.90762,261,57,,5,1372700040,,
790,311040700,990,0,35.52522,33.90762,261,57,,5,1372700220,,
792,311040700,992,0,35.52522,33.90761,261,57,,5,1372700640,,
795,311040700,995,0,35.52519,33.90761,261,57,,5,1372700220,,
798,311040700,998,0,35.52522,33.90764,261,57,,5,1372700100,,
801,311040700,1002,0,35.52519,33.90762,261,57,,5,1372700160,,
804,311040700,1005,0,35.52519,33.90761,261,57,,5,1372699860,,
807,311040700,1008,0,35.5252,33.90761,261,57,,5,1372700520,,
810,311040700,1011,0,35.52519,33.90762,261,57,,5,1372700460,,
811,311040700,1012,0,35.52521,33.90763,261,57,,5,1372699740,,
816,311040700,1018,0,35.52521,33.90762,261,57,,5,1372700340,,
825,311040700,1027,0,35.52519,33.90763,261,57,,5,1372700280,,
827,311040700,1029,8,35.52527,33.90768,45,58,,5,1372700580,,
828,311040700,1031,36,35.52664,33.9084,59,59,,5,1372700040,,
829,311040700,1032,44,35.52802,33.9091,53,56,,5,1372700400,,
831,311040700,1034,55,35.53634,33.91774,34,33,,0,1372700100,,
833,311040700,1036,46,35.53734,33.91914,26,22,,0,1372700460,,
835,311040700,1038,38,35.53781,33.9204,10,4,,0,1372700220,,
836,311040700,1040,41,35.53696,33.92313,323,317,,0,1372700160,,
837,311040700,1041,45,35.53588,33.92392,304,297,,0,1372700580,,
838,311040700,1042,55,35.53409,33.92459,287,281,,0,1372700160,,
839,311040700,1043,66,35.5311,33.92489,273,269,,0,1372700340,,
840,311040700,1044,82,35.52813,33.92495,270,270,,0,1372700640,,
841,311040700,1045,94,35.52464,33.92496,270,269,,0,1372700280,,
843,311040700,1048,109,35.5122,33.9235,260,260,,0,1372700040,,
845,311040700,1050,119,35.50774,33.92311,267,268,,0,1372700460,,
846,311040700,1051,126,35.50292,33.92308,270,270,,0,1372700580,,
847,311040700,1053,141,35.49089,33.92317,269,269,,0,1372700400,,
848,311040700,1057,147,35.48018,33.92305,269,270,,0,1372700100,,
850,311040700,1059,149,35.47474,33.92299,269,270,,0,1372700580,,
851,311040700,1060,151,35.46871,33.92292,269,270,,0,1372700220,,
852,311040700,1061,152,35.46272,33.92285,269,270,,0,1372700520,,
854,311040700,1065,153,35.45702,33.92281,269,269,,0,1372700340,,
855,311040700,1066,154,35.45138,33.92275,269,270,,0,1372700340,,
856,311040700,1067,154,35.44521,33.92269,269,270,,0,1372700640,,
857,311040700,1068,154,35.43851,33.92262,269,269,,0,1372700400,,
858,311040700,1069,156,35.4329,33.9227,274,276,,0,1372700640,,
860,311040700,1071,144,35.42231,33.92406,268,265,,0,1372700340,,
861,311040700,1072,147,35.4167,33.92399,271,273,,0,1372700100,,
864,311040700,1075,153,35.39849,33.92416,270,271,,0,1372700280,,
865,311040700,1076,153,35.39287,33.92421,270,271,,0,1372700040,,
867,311040700,1078,153,35.38724,33.92426,270,270,,0,1372700220,,
869,311040700,1080,154,35.38106,33.92433,270,270,,0,1372700640,,
871,311040700,1083,154,35.37539,33.92437,270,271,,0,1372700580,,
873,311040700,1085,154,35.36923,33.92442,270,271,,0,1372700520,,
874,311040700,1086,154,35.35789,33.92452,270,271,,0,1372700520,,
876,311040700,1088,154,35.35169,33.92459,270,271,,0,1372700340,,
877,311040700,1089,154,35.3455,33.92467,270,271,,0,1372700400,,
878,311040700,1091,154,35.33928,33.92473,270,271,,0,1372700460,,
880,311040700,1093,154,35.3337,33.92479,270,271,,0,1372700220,,
882,311040700,1096,155,35.30995,33.92505,270,271,,0,1372700460,,
883,311040700,1097,155,35.29803,33.92519,271,271,,0,1372700100,,
885,311040700,1099,155,35.29225,33.92528,271,270,,0,1372700220,,
886,311040700,1100,156,35.28549,33.92537,271,271,,0,1372700280,,
888,311040700,1102,156,35.2788,33.92546,270,271,,0,1372700520,,
889,311040700,1103,157,35.27296,33.92558,271,273,,0,1372700100,,
890,311040700,1104,157,35.2667,33.92623,280,281,,0,1372700400,,
891,311040700,1105,156,35.26108,33.92719,280,280,,0,1372700280,,
892,311040700,1106,156,35.25492,33.92815,281,281,,0,1372700280,,
893,311040700,1107,156,35.24932,33.92926,285,285,,0,1372700460,,
894,311040700,1108,156,35.24328,33.9305,283,283,,0,1372700220,,
896,311040700,1110,156,35.23166,33.93281,283,284,,0,1372700220,,
898,311040700,1112,155,35.2261,33.93394,283,283,,0,1372700340,,
900,311040700,1114,154,35.22059,33.93507,284,284,,0,1372700340,,
902,311040700,1116,154,35.20606,33.93813,284,283,,0,1372700160,,
903,311040700,1117,154,35.19955,33.93955,284,284,,0,1372697760,,
904,311040700,1118,154,35.19305,33.94096,284,284,,0,1372700160,,
905,311040700,1119,154,35.18654,33.94242,285,284,,0,1372700580,,
907,311040700,1121,154,35.18106,33.94364,285,284,,0,1372700640,,
908,311040700,1123,154,35.17555,33.9449,285,283,,0,1372700100,,
909,311040700,1124,154,35.16319,33.94776,285,284,,0,1372700220,,
910,311040700,1125,155,35.15762,33.94904,285,283,,0,1372700100,,
911,311040700,1126,155,35.14514,33.95197,285,283,,0,1372700580,,
912,311040700,1128,155,35.13914,33.95335,285,284,,0,1372696860,,
914,311040700,1130,155,35.12767,33.95603,286,284,,0,1372700580,,
916,311040700,1132,155,35.12218,33.95734,286,284,,0,1372700400,,
918,311040700,1134,156,35.11569,33.95891,286,284,,0,1372700340,,
922,311040700,1140,155,35.08531,33.96627,286,284,,0,1372700220,,
926,311040700,1144,156,35.05704,33.97341,287,284,,0,1372700580,,
928,311040700,1147,155,35.05119,33.97493,286,282,,0,1372700160,,
930,311040700,1149,155,35.03867,33.97804,286,282,,0,1372700220,,
932,311040700,1151,155,35.03129,33.97983,286,283,,0,1372699860,,
934,311040700,1153,155,35.02375,33.98168,286,283,,0,1372700100,,
935,311040700,1154,154,35.01778,33.98315,286,282,,0,1372700160,,
936,311040700,1155,154,35.01134,33.98473,286,283,,0,1372699920,,
938,311040700,1158,153,34.99813,33.98794,286,283,,0,1372700160,,
941,311040700,1163,152,34.98439,33.99133,286,283,,0,1372700340,,
943,311040700,1165,151,34.97761,33.993,286,282,,0,1372700520,,
945,311040700,1168,151,34.97237,33.9943,286,283,,0,1372700040,,
947,311040700,1170,151,34.96754,33.99549,286,283,,0,1372700460,,
949,311040700,1172,150,34.95744,33.99803,286,283,,0,1372700220,,
950,311040700,1173,149,34.95069,33.99973,286,282,,0,1372700220,,
953,311040700,1176,148,34.93876,34.00265,286,283,,0,1372700520,,
955,311040700,1178,150,34.93013,34.00463,285,283,,0,1372699860,,
956,311040700,1180,151,34.92382,34.00605,285,283,,0,1372700280,,
957,311040700,1181,151,34.91795,34.00735,284,283,,0,1372700400,,
959,311040700,1185,152,34.90963,34.00919,284,283,,0,1372697760,,
960,311040700,1186,152,34.90431,34.01035,284,283,,0,1372697760,,
961,311040700,1187,152,34.89833,34.01167,284,283,,0,1372700100,,
963,311040700,1190,152,34.8929,34.01285,284,283,,0,1372700280,,
964,311040700,1191,152,34.88559,34.01443,284,283,,0,1372700460,,
966,311040700,1193,152,34.86971,34.01783,284,283,,0,1372700100,,
967,311040700,1194,153,34.84253,34.02354,283,283,,0,1372699980,,
969,311040700,1196,153,34.8355,34.02496,283,283,,0,1372700640,,
971,311040700,1198,154,34.80755,34.03054,283,283,,0,1372700460,,
974,311040700,1201,155,34.79249,34.03365,283,283,,0,1372700520,,
975,311040700,1202,155,34.78745,34.03466,283,283,,0,1372700280,,
977,311040700,1204,156,34.78088,34.03599,283,283,,0,1372700520,,
979,311040700,1206,157,34.76526,34.03924,284,283,,0,1372700220,,
982,311040700,1209,157,34.75755,34.04082,283,282,,0,1372700460,,
984,311040700,1212,157,34.75092,34.04218,283,283,,0,1372700160,,
985,311040700,1213,156,34.73518,34.04533,283,283,,0,1372700040,,
986,311040700,1214,156,34.7291,34.04654,283,282,,0,1372700220,,
988,311040700,1217,156,34.7215,34.04808,283,283,,0,1372700280,,
990,311040700,1219,156,34.71551,34.0493,284,283,,0,1372700280,,
991,311040700,1221,155,34.70335,34.05185,283,282,,0,1372700220,,
992,311040700,1222,155,34.69781,34.05295,283,283,,0,1372700400,,
993,311040700,1223,154,34.69136,34.05427,284,283,,0,1372700460,,
995,311040700,1228,154,34.68525,34.05553,284,283,,0,1372700040,,
997,311040700,1230,154,34.67981,34.05669,284,283,,0,1372700160,,
998,311040700,1231,156,34.66825,34.05945,286,285,,0,1372700640,,
999,311040700,1232,156,34.66225,34.06093,286,284,,0,1372700100,,
1001,311040700,1234,156,34.65323,34.06311,286,285,,0,1372700220,,
1003,311040700,1236,155,34.64774,34.06445,286,285,,0,1372700520,,
1005,311040700,1239,155,34.64127,34.06605,286,284,,0,1372700580,,
1006,311040700,1240,155,34.63539,34.06747,285,283,,0,1372700520,,
1008,311040700,1242,156,34.6273,34.06931,285,284,,0,1372700220,,
1009,311040700,1243,156,34.61574,34.07189,284,284,,0,1372700100,,
1012,311040700,1248,156,34.60969,34.0732,284,284,,0,1372699860,,
1014,311040700,1250,156,34.60321,34.07455,283,283,,0,1372700160,,
1016,311040700,1253,156,34.59762,34.07561,283,284,,0,1372700160,,
1017,311040700,1255,155,34.59258,34.07661,282,284,,0,1372700520,,
1019,311040700,1257,154,34.58494,34.0781,283,284,,0,1372700520,,
1021,311040700,1259,155,34.57936,34.07917,282,284,,0,1372700220,,
1023,311040700,1261,156,34.57429,34.08015,282,284,,0,1372700220,,
1024,311040700,1262,156,34.56678,34.08161,283,284,,0,1372700580,,
1026,311040700,1264,156,34.55349,34.08422,283,284,,0,1372700040,,
1028,311040700,1266,156,34.54041,34.08684,283,284,,0,1372684440,,
1030,311040700,1268,156,34.52013,34.0909,283,284,,0,1372700520,,
1032,311040700,1270,156,34.51048,34.09283,283,284,,0,1372699260,,
1033,311040700,1271,156,34.5043,34.09408,283,283,,0,1372700220,,
1034,311040700,1273,156,34.49872,34.09521,283,284,,0,1372700040,,
1036,311040700,1275,156,34.49111,34.09678,283,283,,0,1372700520,,
1037,311040700,1276,157,34.48347,34.09833,283,284,,0,1372700460,,
1039,311040700,1281,157,34.47788,34.09946,283,284,,0,1372700640,,
1041,311040700,1283,157,34.47125,34.10081,283,283,,0,1372700100,,
1043,311040700,1285,157,34.46515,34.10207,283,283,,0,1372700340,,
1044,311040700,1286,157,34.45853,34.10344,283,284,,0,1372700220,,
1045,311040700,1287,157,34.4519,34.1048,283,284,,0,1372699980,,
1047,311040700,1290,157,34.44678,34.10582,283,284,,0,1372700160,,
1048,311040700,1291,157,34.43915,34.10741,283,283,,0,1372700220,,
1049,311040700,1292,157,34.43356,34.10857,284,283,,0,1372700580,,
1051,311040700,1294,157,34.42181,34.11101,284,283,,0,1372700460,,
1053,311040700,1296,158,34.40904,34.11368,284,284,,0,1372696020,,
1054,311040700,1297,158,34.40349,34.11484,284,284,,0,1372700520,,
1056,311040700,1299,158,34.39733,34.11614,284,284,,0,1372700160,,
1057,311040700,1300,158,34.39065,34.11758,284,284,,0,1372700520,,
1059,311040700,1302,159,34.38397,34.11905,284,284,,0,1372700520,,
1060,311040700,1303,159,34.3772,34.12054,284,283,,0,1372699800,,
1061,311040700,1304,159,34.37049,34.12197,284,284,,0,1372690080,,
1063,311040700,1306,159,34.34426,34.12757,284,283,,0,1372700280,,
1064,311040700,1310,159,34.33911,34.12867,284,284,,0,1372694820,,
1065,311040700,1311,159,34.33397,34.12978,284,283,,0,1372700160,,
1067,311040700,1313,159,34.32736,34.13119,284,284,,0,1372700400,,
1068,311040700,1314,158,34.32162,34.1324,284,284,,0,1372700160,,
1070,311040700,1316,157,34.31551,34.13373,284,283,,0,1372700040,,
1071,311040700,1317,156,34.30993,34.13492,284,283,,0,1372700460,,
1072,311040700,1318,156,34.30387,34.13622,284,284,,0,1372700520,,
1074,311040700,1320,155,34.29177,34.13882,284,284,,0,1372700460,,
1076,311040700,1322,156,34.27918,34.14157,284,284,,0,1372700280,,
1079,311040700,1325,152,34.23677,34.15066,284,284,,0,1372700520,,
1080,311040700,1326,152,34.23035,34.15204,284,283,,0,1372692780,,
1082,311040700,1328,152,34.22393,34.15343,284,284,,0,1372699980,,
1085,311040700,1331,153,34.19872,34.15887,284,284,,0,1372699740,,
1086,311040700,1332,154,34.18637,34.16156,284,284,,0,1372700580,,
1087,311040700,1333,154,34.1808,34.16277,284,284,,0,1372700100,,
1088,311040700,1334,154,34.17481,34.16411,284,283,,0,1372700100,,
1090,311040700,1336,154,34.16278,34.16673,285,284,,0,1372700400,,
1091,311040700,1338,155,34.14372,34.17096,284,284,,0,1372700520,,
1094,311040700,1342,155,34.12964,34.17393,283,283,,0,1372700280,,
1096,311040700,1344,155,34.09838,34.18037,283,283,,0,1372700460,,
1097,311040700,1345,155,34.09233,34.18164,284,283,,0,1372700340,,
1099,311040700,1347,155,34.08072,34.18402,284,283,,0,1372700220,,
1100,311040700,1348,155,34.06862,34.18661,284,283,,0,1372698480,,
1101,311040700,1350,156,34.06268,34.18819,290,290,,0,1372700520,,
1102,311040700,1351,154,34.05634,34.19005,288,287,,0,1372699980,,
1103,311040700,1352,154,34.04999,34.19186,288,287,,0,1372698300,,
1105,311040700,1354,154,34.04363,34.19367,288,288,,0,1372700220,,
1106,311040700,1355,154,34.03823,34.1952,288,288,,0,1372700100,,
1109,311040700,1358,154,34.02599,34.1986,288,288,,0,1372700580,,
1110,311040700,1360,154,34.02017,34.20019,288,287,,0,1372700520,,
1112,311040700,1363,155,34.01465,34.20165,287,288,,0,1372700640,,
1113,311040700,1364,157,34.00225,34.20493,287,288,,0,1372700340,,
1115,311040700,1366,158,33.98598,34.20909,286,288,,0,1372700460,,
1117,311040700,1368,159,33.97883,34.21077,285,288,,0,1372700460,,
1118,311040700,1369,158,33.97324,34.21215,286,288,,0,1372700400,,
1119,311040700,1370,159,33.96762,34.21353,286,288,,0,1372646820,,
1120,311040700,1371,159,33.96149,34.21506,286,288,,0,1372700580,,
1121,311040700,1372,159,33.95587,34.21646,286,288,,0,1372700520,,
1122,311040700,1374,159,33.95027,34.21789,287,288,,0,1372700460,,
1125,311040700,1377,159,33.93855,34.22094,287,288,,0,1372700460,,
1126,311040700,1378,159,33.93294,34.22237,287,288,,0,1372700160,,
1128,311040700,1380,159,33.92175,34.22528,287,288,,0,1372700580,,
1129,311040700,1381,159,33.91012,34.22837,287,288,,0,1372700340,,
1130,311040700,1382,159,33.90456,34.22987,288,288,,0,1372699980,,
1132,311040700,1384,158,33.88169,34.23564,286,288,,0,1372700580,,
1133,311040700,1385,158,33.8761,34.23701,286,288,,0,1372700100,,
1135,311040700,1387,157,33.87004,34.23852,286,288,,0,1372699980,,
1136,311040700,1388,157,33.86457,34.23988,286,287,,0,1372700040,,
1139,311040700,1391,156,33.8534,34.24262,285,287,,0,1372700100,,
1140,311040700,1392,156,33.84785,34.24389,285,288,,0,1372700040,,
1142,311040700,1394,156,33.83675,34.2465,286,288,,0,1372700040,,
1144,311040700,1396,157,33.83119,34.24784,286,288,,0,1372700220,,
1146,311040700,1398,158,33.81447,34.2519,286,287,,0,1372699980,,
1149,311040700,1404,158,33.8023,34.25492,286,287,,0,1372700220,,
1151,311040700,1406,159,33.79618,34.25642,286,288,,0,1372700280,,
1152,311040700,1407,159,33.79065,34.25779,286,288,,0,1372700340,,
1154,311040700,1411,158,33.78496,34.25922,286,288,,0,1372700580,,
1156,311040700,1414,159,33.77325,34.26217,287,288,,0,1372700220,,
1157,311040700,1415,159,33.76205,34.26503,287,288,,0,1372700400,,
1159,311040700,1417,158,33.7458,34.26922,287,288,,0,1372699620,,
1161,311040700,1419,158,33.74022,34.27065,286,287,,0,1372700340,,
1162,311040700,1420,158,33.72852,34.27358,286,288,,0,1372699380,,
1163,311040700,1421,158,33.72295,34.27499,287,288,,0,1372700340,,
1165,311040700,1423,158,33.71737,34.27643,287,288,,0,1372699980,,
1167,311040700,1425,158,33.70632,34.27925,287,288,,0,1372699980,,
1168,311040700,1426,158,33.70127,34.28057,287,288,,0,1372700100,,
1169,311040700,1427,156,33.69514,34.28205,286,288,,0,1372699980,,
1170,311040700,1429,153,33.6897,34.28338,286,288,,0,1372699980,,
1172,311040700,1431,152,33.67793,34.28632,286,288,,0,1372700220,,
1174,311040700,1433,151,33.6722,34.28777,287,288,,0,1372700520,,
1176,311040700,1436,151,33.66679,34.28917,287,288,,0,1372700040,,
1177,311040700,1437,151,33.66148,34.29057,287,288,,0,1372695360,,
1179,311040700,1439,151,33.64997,34.29365,288,287,,0,1372700580,,
1181,311040700,1441,152,33.63826,34.29686,288,287,,0,1372700340,,
1182,311040700,1442,153,33.63339,34.29822,288,288,,0,1372694280,,
1184,311040700,1444,153,33.62811,34.29971,288,288,,0,1372699260,,
1186,311040700,1447,154,33.62312,34.30111,288,288,,0,1372700100,,
1189,311040700,1450,155,33.59551,34.30886,288,288,,0,1372699500,,
1190,311040700,1451,154,33.58962,34.31049,287,287,,0,1372700520,,
1192,311040700,1454,152,33.57887,34.31339,287,287,,0,1372699620,,
1193,311040700,1456,152,33.57351,34.31479,287,288,,0,1372700220,,
1195,311040700,1458,150,33.55708,34.31905,287,288,,0,1372700100,,
1196,311040700,1459,149,33.5519,34.32037,286,288,,0,1372700160,,
1198,311040700,1462,148,33.54657,34.3217,286,288,,0,1372698420,,
1199,311040700,1463,147,33.53518,34.32447,286,288,,0,1372699500,,
1201,311040700,1466,147,33.52986,34.32575,286,288,,0,1372700160,,
1204,311040700,1469,150,33.51404,34.32955,286,288,,0,1372699860,,
1205,311040700,1470,151,33.50822,34.33095,286,288,,0,1372700220,,
1207,311040700,1472,151,33.50286,34.33228,286,288,,0,1372700280,,
1208,311040700,1474,152,33.49797,34.33346,286,288,,0,1372700520,,
1210,311040700,1476,152,33.48726,34.3361,286,288,,0,1372694820,,
1211,311040700,1477,152,33.48178,34.33745,286,287,,0,1372700580,,
1212,311040700,1478,153,33.47638,34.33879,286,288,,0,1372700460,,
1214,311040700,1480,153,33.47097,34.34016,286,287,,0,1372700580,,
1215,311040700,1481,153,33.46506,34.34165,286,288,,0,1372700340,,
1216,311040700,1482,154,33.45912,34.34314,286,288,,0,1372700580,,
1219,311040700,1486,154,33.45369,34.3445,287,288,,0,1372697220,,
1220,311040700,1487,154,33.44131,34.34762,287,288,,0,1372693320,,
1221,311040700,1488,154,33.43485,34.34927,287,288,,0,1372697460,,
1223,311040700,1490,155,33.42889,34.35077,287,288,,0,1372700280,,
1224,311040700,1492,155,33.42341,34.35218,287,288,,0,1372700340,,
1226,311040700,1494,156,33.41092,34.35543,287,288,,0,1372700580,,
1227,311040700,1495,156,33.40442,34.35711,287,288,,0,1372700100,,
1229,311040700,1498,156,33.39141,34.36051,287,287,,0,1372699980,,
1230,311040700,1499,156,33.3854,34.36209,287,287,,0,1372698360,,
1231,311040700,1500,157,33.37889,34.36381,287,288,,0,1372699260,,
1233,311040700,1502,157,33.36737,34.3669,288,287,,0,1372699980,,
1234,311040700,1503,157,33.36135,34.36853,287,287,,0,1372700160,,
1236,311040700,1505,158,33.3558,34.37006,288,288,,0,1372700580,,
1237,311040700,1506,158,33.35026,34.37156,288,288,,0,1372699800,,
1239,311040700,1508,158,33.34422,34.37321,288,288,,0,1372698720,,
1241,311040700,1510,158,33.32712,34.37795,288,288,,0,1372700160,,
1242,311040700,1511,158,33.32067,34.37977,288,288,,0,1372699980,,
1244,311040700,1514,158,33.31462,34.38148,288,287,,0,1372700400,,
1245,311040700,1515,159,33.30899,34.38309,289,288,,0,1372699500,,
1247,311040700,1517,159,33.29747,34.38637,289,288,,0,1372700520,,
1249,311040700,1519,159,33.29232,34.38786,289,288,,0,1372698960,,
1251,311040700,1521,160,33.27963,34.39151,289,287,,0,1372696740,,
1252,311040700,1522,160,33.27352,34.39326,289,287,,0,1372700580,,
1253,311040700,1523,161,33.26739,34.39503,289,288,,0,1372700100,,
1254,311040700,1524,161,33.26126,34.3968,289,288,,0,1372700220,,
1255,311040700,1525,160,33.25574,34.39839,288,287,,0,1372699560,,
1257,311040700,1528,160,33.25014,34.40001,289,287,,0,1372699800,,
1258,311040700,1530,160,33.23896,34.40317,289,288,,0,1372700100,,
1260,311040700,1532,161,33.23386,34.40464,289,288,,0,1372699740,,
1262,311040700,1534,161,33.22813,34.40627,289,288,,0,1372697880,,
1263,311040700,1535,162,33.21684,34.40953,289,288,,0,1372699620,,
1267,311040700,1539,162,33.19894,34.41468,289,288,,0,1372700220,,
1270,311040700,1542,163,33.18707,34.41808,289,288,,0,1372700220,,
1272,311040700,1544,163,33.18184,34.41961,289,288,,0,1372700460,,
1274,311040700,1546,163,33.17569,34.42146,289,287,,0,1372696620,,
1275,311040700,1547,163,33.17013,34.42311,290,288,,0,1372700460,,
1276,311040700,1548,162,33.16441,34.42485,289,287,,0,1372700400,,
1277,311040700,1550,162,33.15878,34.42654,290,288,,0,1372699980,,
1278,311040700,1551,163,33.15314,34.42826,290,288,,0,1372700160,,
1279,311040700,1552,163,33.14751,34.43001,290,288,,0,1372694520,,
1281,311040700,1554,163,33.14189,34.43177,290,287,,0,1372695000,,
1283,311040700,1556,163,33.13626,34.43354,290,288,,0,1372700580,,
1284,311040700,1557,164,33.12445,34.43727,290,288,,0,1372700100,,
1285,311040700,1558,164,33.10749,34.44268,291,288,,0,1372700520,,
1287,311040700,1560,164,33.10183,34.44449,291,288,,0,1372700280,,
1289,311040700,1562,164,33.09615,34.44628,290,287,,0,1372700460,,
1291,311040700,1564,164,33.09046,34.44803,290,287,,0,1372700100,,
1292,311040700,1565,164,33.08434,34.4499,290,287,,0,1372700220,,
1293,311040700,1566,164,33.07855,34.45163,289,287,,0,1372700040,,
1294,311040700,1567,163,33.07244,34.45345,289,288,,0,1372699980,,
1296,311040700,1569,163,33.06103,34.4569,290,288,,0,1372700220,,
1297,311040700,1570,162,33.05589,34.45845,290,288,,0,1372700400,,
1299,311040700,1572,160,33.03299,34.46542,290,289,,0,1372700160,,
1301,311040700,1575,160,33.02746,34.46717,290,290,,0,1372700040,,
1304,311040700,1579,157,33.016,34.47068,290,290,,0,1372700340,,
1305,311040700,1580,156,33.01059,34.47234,290,289,,0,1372700160,,
1306,311040700,1581,155,33.00519,34.47398,290,290,,0,1372700220,,
1309,311040700,1585,154,32.98912,34.47888,290,289,,0,1372700220,,
1311,311040700,1587,154,32.98376,34.48053,290,290,,0,1372700340,,
1313,311040700,1590,154,32.9784,34.48217,290,290,,0,1372700340,,
1314,311040700,1591,154,32.96674,34.48581,290,289,,0,1372700100,,
1316,311040700,1593,156,32.95506,34.48951,290,290,,0,1372700520,,
1317,311040700,1594,156,32.94427,34.49288,290,289,,0,1372700640,,
1318,311040700,1595,156,32.93249,34.49651,290,290,,0,1372700580,,
1319,311040700,1596,156,32.92125,34.50002,290,290,,0,1372700580,,
1321,311040700,1598,155,32.91589,34.5017,290,290,,0,1372700100,,
1322,311040700,1599,155,32.91004,34.50354,290,290,,0,1372700640,,
1323,311040700,1600,155,32.90469,34.50525,291,290,,0,1372700520,,
1325,311040700,1602,156,32.88774,34.51067,290,290,,0,1372700580,,
1326,311040700,1604,156,32.87679,34.51378,287,287,,0,1372700580,,
1327,311040700,1606,157,32.87129,34.51528,287,286,,0,1372700040,,
1328,311040700,1607,158,32.86533,34.51685,287,287,,0,1372700280,,
1329,311040700,1608,158,32.85967,34.51835,287,287,,0,1372700160,,
1331,311040700,1610,159,32.85365,34.51994,287,287,,0,1372698780,,
1332,311040700,1611,159,32.84807,34.52142,287,287,,0,1372700280,,
1333,311040700,1612,159,32.84238,34.52292,287,287,,0,1372700340,,
1334,311040700,1613,159,32.83676,34.52441,287,287,,0,1372699620,,
1335,311040700,1615,160,32.82496,34.52744,287,287,,0,1372700220,,
1336,311040700,1616,160,32.81929,34.52888,287,287,,0,1372700220,,
1337,311040700,1617,160,32.81363,34.53032,287,287,,0,1372700520,,
1339,311040700,1620,160,32.80847,34.53162,286,287,,0,1372700520,,
1340,311040700,1621,160,32.80238,34.53316,286,286,,0,1372698540,,
1341,311040700,1622,159,32.79662,34.53453,284,284,,0,1372700280,,
1343,311040700,1625,159,32.79093,34.53576,285,285,,0,1372699920,,
1344,311040700,1626,159,32.78473,34.5371,284,285,,0,1372699560,,
1346,311040700,1629,157,32.76101,34.54203,284,285,,0,1372693920,,
1349,311040700,1633,157,32.75493,34.54329,284,285,,0,1372700340,,
1351,311040700,1636,157,32.74928,34.54446,284,285,,0,1372700340,,
1352,311040700,1638,157,32.73844,34.54673,284,284,,0,1372699980,,
1354,311040700,1640,157,32.73232,34.54799,283,284,,0,1372700100,,
1355,311040700,1641,156,32.7272,34.54899,283,285,,0,1372700100,,
1358,311040700,1644,153,32.70807,34.55285,284,285,,0,1372696620,,
1360,311040700,1646,153,32.70248,34.55401,284,285,,0,1372700040,,
1363,311040700,1649,153,32.68049,34.5586,283,285,,0,1372700580,,
1366,311040700,1653,153,32.669,34.56097,284,285,,0,1372700460,,
1368,311040700,1655,153,32.6635,34.56211,284,285,,0,1372695420,,
1369,311040700,1656,153,32.65753,34.56337,284,285,,0,1372693320,,
1370,311040700,1657,153,32.65203,34.56454,284,285,,0,1372690740,,
1371,311040700,1658,153,32.64599,34.56575,282,282,,0,1372700400,,
1373,311040700,1662,153,32.64054,34.56673,282,283,,0,1372700280,,
1374,311040700,1664,153,32.63502,34.56776,282,282,,0,1372700520,,
1376,311040700,1666,153,32.62941,34.56884,283,283,,0,1372700400,,
1378,311040700,1669,153,32.62443,34.56979,283,282,,0,1372698780,,
1379,311040700,1670,154,32.61889,34.57086,283,282,,0,1372700460,,
1381,311040700,1672,155,32.60259,34.57409,283,282,,0,1372700340,,
1383,311040700,1677,156,32.58998,34.57661,283,282,,0,1372699980,,
1385,311040700,1679,156,32.58481,34.57767,283,282,,0,1372700400,,
1387,311040700,1682,156,32.57253,34.58013,283,283,,0,1372700280,,
1388,311040700,1683,157,32.56077,34.58254,284,283,,0,1372700460,,
1390,311040700,1685,157,32.55512,34.58372,284,283,,0,1372700640,,
1391,311040700,1686,157,32.54895,34.58502,284,282,,0,1372700460,,
1392,311040700,1687,158,32.54277,34.58629,284,283,,0,1372694100,,
1394,311040700,1690,158,32.5371,34.58748,284,283,,0,1372700520,,
1395,311040700,1692,158,32.53143,34.58869,284,282,,0,1372700220,,
1397,311040700,1694,158,32.52577,34.58987,283,282,,0,1372700580,,
1398,311040700,1695,158,32.52009,34.59106,284,283,,0,1372691340,,
1400,311040700,1697,158,32.50832,34.59357,284,283,,0,1372700340,,
1401,311040700,1698,158,32.50255,34.59482,284,282,,0,1372700520,,
1403,311040700,1700,159,32.49117,34.59727,284,283,,0,1372700580,,
1404,311040700,1701,159,32.48547,34.59851,284,283,,0,1372700100,,
1405,311040700,1702,160,32.47975,34.59974,284,283,,0,1372700640,,
1406,311040700,1703,160,32.4621,34.60366,285,283,,0,1372700160,,
1407,311040700,1704,160,32.45689,34.60483,285,283,,0,1372700640,,
1408,311040700,1705,161,32.4516,34.60603,285,283,,0,1372700580,,
1409,311040700,1706,161,32.44636,34.60721,285,283,,0,1372700280,,
1410,311040700,1707,161,32.4406,34.60852,285,283,,0,1372700340,,
1411,311040700,1708,161,32.43432,34.60995,285,283,,0,1372700640,,
1412,311040700,1709,162,32.4281,34.61138,285,283,,0,1372698840,,
1413,311040700,1710,163,32.41643,34.61408,285,283,,0,1372699140,,
1414,311040700,1711,163,32.41064,34.61543,285,282,,0,1372700340,,
1415,311040700,1712,163,32.40483,34.6168,285,282,,0,1372700400,,
1416,311040700,1713,163,32.39279,34.61963,285,283,,0,1372700580,,
1417,311040700,1715,164,32.38688,34.62103,286,283,,0,1372696380,,
1418,311040700,1716,164,32.38112,34.62241,286,283,,0,1372700100,,
1419,311040700,1717,164,32.37525,34.6238,286,283,,0,1372693020,,
1420,311040700,1718,165,32.35699,34.62819,286,282,,0,1372700400,,
1421,311040700,1719,166,32.35065,34.62971,286,282,,0,1372700040,,
1422,311040700,1720,166,32.33884,34.63253,286,282,,0,1372700100,,
1423,311040700,1721,166,32.32747,34.63523,286,283,,0,1372699860,,
1424,311040700,1722,166,32.32157,34.63661,285,283,,0,1372700520,,
1425,311040700,1723,165,32.31563,34.63787,283,282,,0,1372700640,,
1426,311040700,1724,163,32.30974,34.63908,284,283,,0,1372700220,,
1427,311040700,1725,160,32.29815,34.64147,283,283,,0,1372700160,,
1428,311040700,1726,160,32.29229,34.64265,283,282,,0,1372700460,,
1429,311040700,1727,157,32.05481,34.68886,283,282,,0,1372700460,,
1430,311040700,1728,160,32.28609,34.64389,283,283,,0,1372700160,,
1431,311040700,1729,160,32.28031,34.64506,283,283,,0,1372700400,,
1432,311040700,1730,160,32.27411,34.64633,283,282,,0,1372700460,,
1433,311040700,1731,160,32.26824,34.64749,283,282,,0,1372700160,,
1434,311040700,1732,159,32.25678,34.64974,283,283,,0,1372700040,,
1435,311040700,1734,158,32.251,34.65092,283,282,,0,1372700220,,
1436,311040700,1735,158,32.24021,34.65313,284,283,,0,1372700100,,
1437,311040700,1736,158,32.22989,34.65531,284,282,,0,1372700160,,
1438,311040700,1737,159,32.22462,34.65643,284,283,,0,1372700520,,
1439,311040700,1738,159,32.21943,34.65752,284,282,,0,1372700280,,
1440,311040700,1739,160,32.21369,34.6587,283,283,,0,1372700640,,
1441,311040700,1740,160,32.20686,34.66006,283,283,,0,1372690920,,
1442,311040700,1741,160,32.20055,34.66129,283,283,,0,1372700520,,
1443,311040700,1742,160,32.18846,34.66361,282,282,,0,1372700100,,
1444,311040700,1743,159,32.17647,34.66578,282,283,,0,1372700520,,
1445,311040700,1744,158,32.17066,34.66685,282,282,,0,1372686180,,
1446,311040700,1745,158,32.16496,34.66789,282,283,,0,1372700520,,
1447,311040700,1746,157,32.15873,34.66903,282,283,,0,1372700460,,
1448,311040700,1747,157,32.15304,34.67008,282,283,,0,1372700520,,
1449,311040700,1748,157,32.12983,34.67441,283,283,,0,1372700580,,
1450,311040700,1749,157,32.12467,34.6754,282,282,,0,1372700100,,
1451,311040700,1752,157,32.11799,34.67668,282,282,,0,1372700520,,
1452,311040700,1755,157,32.10668,34.67884,283,282,,0,1372700220,,
1453,311040700,1756,156,32.08924,34.68221,283,282,,0,1372695780,,
1454,311040700,1757,157,32.08314,34.6834,283,283,,0,1372700340,,
1455,311040700,1758,157,32.06672,34.68653,283,283,,0,1372700100,,
1456,311040700,1759,157,32.06099,34.68766,283,283,,0,1372700460,,
1457,311040700,1760,157,32.04814,34.69017,283,282,,0,1372700220,,
1458,311040700,1761,157,32.04205,34.69135,283,283,,0,1372700280,,
1459,311040700,1762,157,32.03117,34.69347,283,282,,0,1372690320,,
1460,311040700,1763,157,32.02396,34.69487,283,282,,0,1372700040,,
1461,311040700,1764,157,32.01831,34.69596,283,283,,0,1372700640,,
1462,311040700,1766,157,32.01222,34.69719,283,283,,0,1372700040,,
1463,311040700,1767,157,32.00707,34.69821,283,283,,0,1372700460,,
1464,311040700,1769,157,32.0008,34.69943,283,283,,0,1372697880,,
1465,311040700,1770,157,31.98589,34.70239,283,283,,0,1372700640,,
1466,311040700,1771,157,31.98021,34.70351,283,283,,0,1372700580,,
1467,311040700,1772,158,31.97453,34.70464,283,283,,0,1372700580,,
1468,311040700,1773,158,31.96885,34.70576,283,283,,0,1372700280,,
1469,311040700,1774,158,31.96316,34.70689,283,283,,0,1372700520,,
1470,311040700,1775,158,31.95704,34.70811,283,282,,0,1372700100,,
1471,311040700,1776,158,31.94512,34.71041,283,283,,0,1372699800,,
1472,311040700,1777,158,31.93881,34.71163,283,282,,0,1372650000,,
1473,311040700,1778,158,31.93311,34.7127,283,283,,0,1372671900,,
1474,311040700,1779,158,31.92794,34.71368,283,283,,0,1372700220,,
1475,311040700,1781,158,31.92181,34.71483,282,283,,0,1372700340,,
1476,311040700,1782,158,31.91662,34.71583,283,283,,0,1372700580,,
1477,311040700,1783,158,31.90987,34.71715,283,283,,0,1372700160,,
1478,311040700,1784,158,31.89219,34.72061,283,283,,0,1372700100,,
1479,311040700,1786,158,31.88598,34.72182,283,283,,0,1372700100,,
1480,311040700,1787,158,31.87415,34.72415,283,283,,0,1372691580,,
1481,311040700,1788,158,31.86836,34.7253,283,283,,0,1372700400,,
1482,311040700,1790,158,31.85695,34.72757,283,283,,0,1372692060,,
1483,311040700,1791,158,31.85079,34.72879,283,283,,0,1372700160,,
1484,311040700,1792,159,31.84499,34.72995,283,283,,0,1372700040,,
1485,311040700,1793,159,31.83925,34.73108,283,283,,0,1372700460,,
1486,311040700,1794,159,31.83302,34.73233,283,283,,0,1372700400,,
1487,311040700,1795,158,31.82732,34.73346,283,282,,0,1372700460,,
1488,311040700,1798,158,31.81585,34.73563,282,283,,0,1372700040,,
1489,311040700,1799,158,31.8096,34.7368,282,283,,0,1372699860,,
1490,311040700,1800,158,31.79763,34.73906,282,283,,0,1372700460,,
1491,311040700,1801,158,31.79241,34.73999,282,283,,0,1372699980,,
1492,311040700,1802,158,31.78667,34.741,282,283,,0,1372699920,,
1493,311040700,1807,158,31.76853,34.74437,284,285,,0,1372700280,,
1494,311040700,1808,158,31.78041,34.74214,282,283,,0,1372700220,,
1495,311040700,1811,158,31.77425,34.74325,282,282,,0,1372700100,,
1496,311040700,1812,157,31.75672,34.74695,284,285,,0,1372700640,,
1497,311040700,1813,157,31.74024,34.7505,284,285,,0,1372700100,,
1498,311040700,1815,157,31.73418,34.75179,284,285,,0,1372700400,,
1499,311040700,1816,157,31.72854,34.75295,284,285,,0,1372697340,,
1500,311040700,1817,156,31.72284,34.75412,283,285,,0,1372700520,,
1501,311040700,1818,156,31.71724,34.75532,284,286,,0,1372699500,,
1502,311040700,1819,156,31.71113,34.75665,284,286,,0,1372700580,,
1503,311040700,1820,156,31.69993,34.75906,284,286,,0,1372652280,,
1506,311040700,1823,156,31.69381,34.7604,284,285,,0,1372700520,,
1507,311040700,1824,157,31.68769,34.76178,285,286,,0,1372697820,,
1508,311040700,1825,157,31.68207,34.76303,285,286,,0,1372699260,,
1509,311040700,1826,157,31.67644,34.76432,285,285,,0,1372700100,,
1511,311040700,1828,158,31.65856,34.76844,285,285,,0,1372691940,,
1513,311040700,1830,158,31.65283,34.76977,285,286,,0,1372699860,,
1514,311040700,1831,158,31.64102,34.77255,286,286,,0,1372700280,,
1515,311040700,1832,158,31.63539,34.77389,286,285,,0,1372700160,,
1516,311040700,1833,158,31.62361,34.77674,286,285,,0,1372690080,,
1517,311040700,1834,158,31.61808,34.77809,286,286,,0,1372700340,,
1518,311040700,1837,158,31.61235,34.77947,286,286,,0,1372697940,,
1519,311040700,1838,158,31.60671,34.78085,286,286,,0,1372700100,,
1520,311040700,1839,158,31.60058,34.78235,286,286,,0,1372700640,,
1521,311040700,1840,158,31.59496,34.78372,286,286,,0,1372693500,,
1522,311040700,1843,158,31.58884,34.78526,287,286,,0,1372700280,,
1523,311040700,1844,158,31.58281,34.78681,287,286,,0,1372692960,,
1524,311040700,1846,158,31.57773,34.7881,287,285,,0,1372700340,,
1525,311040700,1847,158,31.55421,34.79424,287,285,,0,1372700220,,
1526,311040700,1848,159,31.5404,34.79787,287,286,,0,1372697940,,
1527,311040700,1849,159,31.53383,34.79963,287,285,,0,1372700460,,
1528,311040700,1850,160,31.52758,34.80127,287,285,,0,1372700340,,
1529,311040700,1851,160,31.52146,34.80285,287,286,,0,1372700460,,
1530,311040700,1853,161,31.51575,34.80433,287,285,,0,1372699620,,
1531,311040700,1854,161,31.50888,34.80604,287,286,,0,1372700160,,
1532,311040700,1855,161,31.50165,34.80784,287,286,,0,1372700580,,
1533,311040700,1856,161,31.48707,34.81154,287,286,,0,1372700280,,
1534,311040700,1857,161,31.48022,34.81328,287,286,,0,1372700460,,
1535,311040700,1858,160,31.46778,34.81647,287,286,,0,1372700100,,
1536,311040700,1859,161,31.44761,34.82172,287,285,,0,1372700040,,
1538,311040700,1861,161,31.4414,34.82337,288,286,,0,1372700640,,
1540,311040700,1864,160,31.43623,34.82475,288,286,,0,1372700160,,
1541,311040700,1865,160,31.42384,34.82797,287,285,,0,1372700520,,
1549,311040700,1879,197,34.64112,33.55776,55,56,,0,1372700040,,
1550,311040700,1881,197,34.76291,33.62618,57,57,,0,1372699260,,
1551,311040700,1882,197,34.76986,33.62995,56,57,,0,1372698120,,
1552,311040700,1883,197,34.79079,33.64131,57,57,,0,1372700220,,
1553,311040700,1884,198,34.80737,33.6503,56,57,,0,1372698480,,
1554,311040700,1885,198,34.82523,33.65988,57,57,,0,1372700160,,
1555,311040700,1886,198,34.83135,33.66316,57,57,,0,1372700040,,
1556,311040700,1887,198,34.83747,33.66643,57,57,,0,1372700400,,
1557,311040700,1888,198,34.84633,33.67123,56,55,,0,1372699980,,
1558,311040700,1890,199,34.85894,33.67835,55,55,,0,1372700640,,
1559,311040700,1891,199,34.8895,33.69588,55,54,,0,1372693440,,
1560,311040700,1892,199,34.90318,33.7037,55,54,,0,1372700220,,
1561,311040700,1893,199,34.93176,33.71999,55,54,,0,1372700100,,
1562,311040700,1894,199,34.93825,33.72372,55,54,,0,1372700640,,
1563,311040700,1895,199,34.94591,33.72813,55,55,,0,1372700520,,
1564,311040700,1897,180,35.04047,33.78145,56,55,,0,1372700640,,
1565,311040700,1898,178,35.06389,33.79428,56,55,,0,1372700520,,
1566,311040700,1899,178,35.07034,33.79785,56,55,,0,1372699260,,
1567,311040700,1901,177,35.11412,33.82251,55,54,,0,1372700160,,
1568,311040700,1902,176,35.13071,33.83185,55,54,,0,1372641900,,
1569,311040700,1904,175,35.16515,33.85165,55,55,,0,1372700520,,
1570,311040700,1907,175,35.17086,33.85496,55,54,,0,1372700580,,
1571,311040700,1908,175,35.22751,33.90501,36,35,,0,1372696260,,
1572,311040700,1909,176,35.23428,33.91041,55,57,,0,1372700580,,
1573,311040700,1910,170,35.27416,33.91726,86,86,,0,1372700400,,
1574,311040700,1911,163,35.29469,33.91837,86,85,,0,1372700580,,
1575,311040700,1913,146,35.33121,33.91999,88,87,,0,1372700580,,
1576,311040700,1914,126,35.34649,33.92032,88,88,,0,1372700340,,
1577,311040700,1915,97,35.38065,33.92089,88,87,,0,1372700100,,
1579,311040700,1917,97,35.38455,33.92099,88,88,,0,1372700640,,
1580,311040700,1918,96,35.38885,33.92106,88,88,,0,1372700520,,
1581,311040700,1919,96,35.40057,33.92122,89,88,,0,1372697340,,
1582,311040700,1920,96,35.40435,33.92125,89,87,,0,1372700520,,
1583,311040700,1921,96,35.40857,33.92134,88,87,,0,1372700580,,
1584,311040700,1922,96,35.4129,33.92139,89,88,,0,1372700160,,
1585,311040700,1924,95,35.42136,33.92142,89,88,,0,1372700640,,
1586,311040700,1925,95,35.4251,33.92145,89,88,,0,1372700520,,
1587,311040700,1926,95,35.42886,33.92149,89,88,,0,1372700280,,
1588,311040700,1927,94,35.45258,33.92161,89,88,,0,1372700160,,
1589,311040700,1928,94,35.45731,33.92162,89,88,,0,1372700640,,
1590,311040700,1929,94,35.46113,33.92164,90,88,,0,1372699980,,
1591,311040700,1930,93,35.46897,33.92173,86,85,,0,1372700220,,
1593,311040700,1932,83,35.48325,33.92253,83,84,,0,1372700580,,
1594,311040700,1935,79,35.49654,33.92447,79,80,,0,1372700460,,
1595,311040700,1936,79,35.49965,33.92496,79,80,,0,1372700160,,
1596,311040700,1937,67,35.51893,33.92754,87,90,,0,1372697340,,
1597,311040700,1938,55,35.52126,33.92753,92,95,,0,1372700100,,
1598,311040700,1939,3,35.52347,33.92852,326,121,,0,1372699560,,
1606,311040700,1951,2,35.52225,33.92994,282,101,,0,1372700580,,
1614,311040700,1959,10,35.52973,33.92706,131,144,,0,1372700460,,
1622,311040700,1967,2,35.5307,33.92659,140,142,,0,1372700640,,
1626,311040700,1973,3,35.53092,33.92635,140,143,,0,1372696380,,
1628,311040700,1980,32,35.53176,33.92547,141,141,,0,1372661880,,
1630,311040700,1982,52,35.53302,33.9242,139,138,,0,1372646700,,
1634,311040700,1986,66,35.53625,33.91859,184,189,,0,1372700400,,
1638,311040700,1990,61,35.53252,33.91354,226,227,,0,1372695000,,
1641,311040700,1994,46,35.52921,33.91116,229,228,,0,1372696980,,
1643,311040700,1996,42,35.52773,33.91011,229,227,,0,1372700280,,
1645,311040700,2001,37,35.52639,33.90913,228,227,,0,1372700340,,
1648,311040700,2004,32,35.52447,33.90759,228,224,,0,1372700100,,
1653,311040700,2010,15,35.52156,33.90571,232,229,,0,1372699620,,
1657,311040700,2016,9,35.52103,33.90656,46,317,,0,1372700460,,
1662,311040700,2022,16,35.5223,33.90644,50,30,,0,1372700040,,
1666,311040700,2027,14,35.52439,33.90753,62,59,,0,1372690320,,
1669,311040700,2031,3,35.52474,33.90766,85,59,,5,1372700520,,
1684,311040700,2049,0,35.52518,33.90761,261,57,,5,1372700400,,
1688,311040700,2053,0,35.52519,33.90761,261,57,,5,1372646880,,
1694,311040700,2063,0,35.52521,33.9076,261,57,,5,1372699920,,
1715,311040700,2089,1,35.52518,33.90763,261,57,,5,1372699860,,
1718,311040700,2094,0,35.52521,33.9076,261,57,,5,1372700640,,
1724,311040700,2100,0,35.52522,33.9076,261,57,,5,1372700280,,
1727,311040700,2105,0,35.52521,33.9076,261,57,,5,1372699860,,
1731,311040700,2109,0,35.5252,33.90761,261,57,,5,1372665240,,
1734,311040700,2112,0,35.5252,33.9076,261,57,,5,1372648680,,
1771,311040700,2154,0,35.52519,33.9076,261,57,,5,1372700520,,
1778,311040700,2161,0,35.52521,33.90762,261,57,,5,1372700280,,
1781,311040700,2165,0,35.52522,33.90763,261,57,,5,1372698420,,
1795,311040700,2180,0,35.52523,33.90762,261,57,,5,1372699920,,
1812,311040700,2202,0,35.52519,33.90761,261,57,,5,1372700220,,
1815,311040700,2205,0,35.52521,33.90762,261,57,,5,1372699380,,
1819,311040700,2210,0,35.52521,33.90762,261,57,,5,1372693920,,
1833,311040700,2235,0,35.52519,33.90761,261,57,,5,1372694820,,
1854,311040700,2260,0,35.52519,33.90762,261,57,,5,1372699920,,
1869,311040700,2279,0,35.52522,33.90762,261,57,,5,1372699500,,
1886,311040700,2298,0,35.5252,33.90762,261,57,,5,1372700340,,
1892,311040700,2305,0,35.52521,33.90763,261,57,,5,1372700400,,
1895,311040700,2309,0,35.52522,33.90763,261,57,,5,1372700280,,
1898,311040700,2312,0,35.52519,33.90762,261,57,,5,1372696920,,
1911,311040700,2327,60,35.52964,33.91044,43,42,,5,1372700640,,
1913,311040700,2329,73,35.53169,33.91241,41,38,,0,1372700340,,
1915,311040700,2332,69,35.53339,33.9143,35,34,,0,1372700580,,
1917,311040700,2334,62,35.53485,33.91597,34,34,,0,1372700640,,
1923,311040700,2341,37,35.53767,33.92199,344,336,,0,1372700280,,
1932,311040700,2352,100,35.52034,33.92466,262,260,,0,1372700340,,
1933,311040700,2353,105,35.51638,33.92411,260,260,,0,1372699980,,
1938,311040700,2359,134,35.49715,33.9231,270,269,,0,1372700580,,
1941,311040700,2362,145,35.48555,33.92311,269,270,,0,1372700460,,
1952,311040700,2374,151,35.42729,33.92371,284,285,,0,1372700400,,
1956,311040700,2379,150,35.41015,33.92407,270,271,,0,1372695180,,
1958,311040700,2381,152,35.40461,33.9241,270,271,,0,1372700580,,
1966,311040700,2391,154,35.36356,33.92448,270,271,,0,1372700100,,
1974,311040700,2521,154,35.32742,33.92487,270,271,,0,1372700280,,
1975,311040700,2522,154,35.32175,33.92493,270,270,,0,1372700580,,
1977,311040700,2525,154,35.31608,33.92498,270,270,,0,1372700580,,
1981,311040700,2529,155,35.30374,33.92512,270,270,,0,1372698660,,
1993,311040700,2546,156,35.2378,33.93159,283,284,,0,1372700280,,
1998,311040700,2551,154,35.21207,33.93685,284,283,,0,1372700640,,
2006,311040700,2560,154,35.16958,33.94626,285,284,,0,1372700460,,
2011,311040700,2565,155,35.15071,33.95067,285,283,,0,1372700640,,
2014,311040700,2568,155,35.13315,33.95473,285,284,,0,1372700160,,
2018,311040700,2573,156,35.11029,33.96025,286,283,,0,1372700580,,
2020,311040700,2575,156,35.10371,33.96177,286,284,,0,1372700460,,
2022,311040700,2579,154,35.09681,33.96346,286,283,,0,1372697400,,
2024,311040700,2581,155,35.09077,33.96493,286,284,,0,1372700100,,
2028,311040700,2586,155,35.07794,33.96809,286,284,,0,1372700640,,
2030,311040700,2589,155,35.07093,33.96985,286,284,,0,1372700580,,
2032,311040700,2592,155,35.06307,33.97185,287,284,,0,1372700580,,
2036,311040700,2596,156,35.04562,33.97631,286,283,,0,1372700160,,
2044,311040700,2605,153,35.00492,33.98629,286,283,,0,1372700520,,
2048,311040700,2610,152,34.98973,33.99,286,283,,0,1372696260,,
2057,311040700,2621,149,34.9459,34.00091,286,283,,0,1372699740,,
2073,311040700,2639,153,34.85983,34.01993,284,283,,0,1372700160,,
2075,311040700,2642,153,34.85338,34.02129,284,282,,0,1372690260,,
2080,311040700,2648,153,34.82952,34.02617,283,283,,0,1372699200,,
2083,311040700,2652,153,34.82262,34.02753,283,282,,0,1372699980,,
2085,311040700,2654,153,34.81605,34.02885,283,283,,0,1372700100,,
2089,311040700,2659,154,34.7981,34.03244,283,283,,0,1372700100,,
2095,311040700,2667,157,34.77177,34.03787,283,283,,0,1372700520,,
2100,311040700,2673,156,34.74329,34.04368,283,283,,0,1372700580,,
2107,311040700,2681,155,34.70937,34.05059,284,283,,0,1372700280,,
2114,311040700,2690,156,34.67424,34.05801,287,285,,0,1372700280,,
2124,311040700,2702,156,34.62129,34.07066,285,284,,0,1372690440,,
2136,311040700,2715,156,34.56112,34.08271,283,284,,0,1372700220,,
2139,311040700,2718,156,34.54691,34.08554,283,283,,0,1372700580,,
2142,311040700,2722,156,34.53273,34.08835,283,284,,0,1372700400,,
2144,311040700,2724,156,34.52521,34.08987,283,283,,0,1372700580,,
2162,311040700,2742,157,34.42752,34.10982,284,283,,0,1372700100,,
2165,311040700,2746,158,34.4167,34.11205,284,284,,0,1372700100,,
2174,311040700,2756,158,34.3644,34.12329,284,284,,0,1372700340,,
2176,311040700,2759,158,34.35764,34.12473,284,284,,0,1372690080,,
2178,311040700,2762,158,34.35097,34.12616,284,284,,0,1372700100,,
2186,311040700,2771,156,34.29739,34.13762,284,284,,0,1372698540,,
2189,311040700,2774,155,34.28573,34.14014,284,284,,0,1372700160,,
2202,311040700,2790,152,34.21555,34.15524,284,283,,0,1372700160,,
2203,311040700,2791,153,34.21018,34.1564,284,284,,0,1372700520,,
2205,311040700,2793,153,34.20416,34.1577,284,284,,0,1372700460,,
2208,311040700,2796,153,34.19224,34.16027,284,283,,0,1372700580,,
2213,311040700,2801,154,34.16838,34.1655,284,283,,0,1372700640,,
2216,311040700,2804,155,34.15676,34.16805,284,283,,0,1372700100,,
2218,311040700,2806,155,34.15126,34.16928,285,284,,0,1372700460,,
2221,311040700,2809,154,34.13618,34.17259,283,282,,0,1372700220,,
2223,311040700,2811,155,34.12309,34.1753,283,283,,0,1372700160,,
2224,311040700,2812,155,34.11656,34.17665,284,283,,0,1372700520,,
2226,311040700,2814,155,34.10999,34.178,283,283,,0,1372700520,,
2228,311040700,2816,155,34.10402,34.17921,283,283,,0,1372700160,,
2232,311040700,2820,155,34.08679,34.18277,283,282,,0,1372697940,,
2234,311040700,2822,155,34.07417,34.18541,284,283,,0,1372700580,,
2239,311040700,2827,154,34.03236,34.19682,288,287,,0,1372700100,,
2244,311040700,2832,156,34.00867,34.20322,287,288,,0,1372690380,,
2247,311040700,2835,158,33.99206,34.20757,287,287,,0,1372698720,,
2255,311040700,2845,159,33.94415,34.21949,287,288,,0,1372700520,,
2260,311040700,2851,159,33.92735,34.22382,287,288,,0,1372700640,,
2263,311040700,2854,159,33.91568,34.22688,287,288,,0,1372700460,,
2268,311040700,2859,158,33.89341,34.23278,286,287,,0,1372700640,,
2269,311040700,2860,158,33.88831,34.23403,286,288,,0,1372700160,,
2275,311040700,2868,157,33.85893,34.24127,286,288,,0,1372700520,,
2279,311040700,2873,156,33.8423,34.2452,285,288,,0,1372700580,,
2283,311040700,2880,157,33.82563,34.24918,286,288,,0,1372700640,,
2285,311040700,2882,158,33.81955,34.25066,286,288,,0,1372700280,,
2287,311040700,2884,158,33.80797,34.25352,286,288,,0,1372700520,,
2294,311040700,2893,158,33.77885,34.26075,286,288,,0,1372700160,,
2297,311040700,2896,159,33.76765,34.2636,287,288,,0,1372700280,,
2300,311040700,2899,159,33.75654,34.26646,287,287,,0,1372700100,,
2302,311040700,2902,159,33.75087,34.26791,287,288,,0,1372700460,,
2306,311040700,2907,158,33.73412,34.27217,286,288,,0,1372698360,,
2312,311040700,2914,158,33.71189,34.27783,287,287,,0,1372700280,,
2318,311040700,2920,152,33.68379,34.28486,286,288,,0,1372699980,,
2325,311040700,2930,151,33.6557,34.29212,287,287,,0,1372700100,,
2330,311040700,2937,152,33.64407,34.29525,288,287,,0,1372700040,,
2336,311040700,2945,154,33.61781,34.30262,288,287,,0,1372700100,,
2338,311040700,2948,155,33.61288,34.30401,288,288,,0,1372700280,,
2340,311040700,2951,155,33.60738,34.30558,288,287,,0,1372700640,,
2342,311040700,2953,156,33.60095,34.30737,288,288,,0,1372700580,,
2346,311040700,2957,153,33.58423,34.31194,288,288,,0,1372699860,,
2351,311040700,2963,151,33.56816,34.31618,287,288,,0,1372699980,,
2353,311040700,2965,151,33.56284,34.31757,287,288,,0,1372700580,,
2358,311040700,2970,148,33.54084,34.32312,286,287,,0,1372700640,,
2363,311040700,2976,148,33.52461,34.327,286,288,,0,1372700460,,
2365,311040700,2978,148,33.51934,34.32826,286,288,,0,1372700460,,
2371,311040700,2986,152,33.49258,34.33478,286,288,,0,1372699860,,
2381,311040700,3003,154,33.44783,34.34598,287,288,,0,1372700520,,
2387,311040700,3009,156,33.41692,34.35387,287,287,,0,1372700640,,
2392,311040700,3015,156,33.39791,34.35881,287,288,,0,1372700640,,
2397,311040700,3020,157,33.37339,34.36526,288,288,,0,1372700400,,
2403,311040700,3029,158,33.33265,34.3764,288,287,,0,1372700220,,
2409,311040700,3036,159,33.30395,34.38452,288,288,,0,1372700040,,
2413,311040700,3040,160,33.28574,34.38976,289,288,,0,1372700100,,
2422,311040700,3054,160,33.24498,34.40146,289,288,,0,1372700460,,
2427,311040700,3060,162,33.22248,34.40789,289,288,,0,1372700580,,
2430,311040700,3067,162,33.21068,34.41133,289,287,,0,1372700160,,
2433,311040700,3070,162,33.20503,34.41296,289,288,,0,1372700280,,
2436,311040700,3073,162,33.19318,34.41632,289,287,,0,1372700460,,
2449,311040700,3090,163,33.13018,34.43545,290,287,,0,1372700400,,
2452,311040700,3094,164,33.1189,34.43904,290,288,,0,1372700580,,
2454,311040700,3096,164,33.11325,34.44083,290,287,,0,1372700040,,
2464,311040700,3107,163,33.06668,34.45518,290,288,,0,1372700640,,
2468,311040700,3112,161,33.04983,34.46026,289,288,,0,1372700340,,
2471,311040700,3115,161,33.04411,34.46193,289,287,,0,1372700460,,
2473,311040700,3118,161,33.03861,34.46361,291,291,,0,1372700520,,
2477,311040700,3123,159,33.02145,34.46899,290,290,,0,1372700460,,
2482,311040700,3129,154,33.00031,34.47544,290,290,,0,1372700460,,
2484,311040700,3131,154,32.99446,34.47723,290,290,,0,1372700280,,
2490,311040700,3138,154,32.97256,34.48396,290,290,,0,1372700580,,
2493,311040700,3141,155,32.96089,34.48767,291,289,,0,1372700460,,
2496,311040700,3145,156,32.94975,34.49117,290,290,,0,1372700580,,
2500,311040700,3150,156,32.93838,34.49469,290,289,,0,1372700580,,
2503,311040700,3155,156,32.92663,34.49835,290,290,,0,1372699980,,
2509,311040700,3163,155,32.89895,34.50709,291,290,,0,1372700640,,
2511,311040700,3166,155,32.89361,34.50881,291,289,,0,1372700580,,
2514,311040700,3169,155,32.88277,34.51222,289,287,,0,1372699980,,
2525,311040700,3182,159,32.83121,34.52583,287,286,,0,1372700040,,
2535,311040700,3194,158,32.77904,34.53831,284,284,,0,1372647180,,
2537,311040700,3196,158,32.77285,34.53961,284,285,,0,1372700640,,
2539,311040700,3202,158,32.76719,34.54075,283,284,,0,1372699560,,
2541,311040700,3204,157,32.56639,34.58139,284,283,,0,1372700520,,
2544,311040700,3208,157,32.74355,34.54566,284,285,,0,1372700520,,
2549,311040700,3214,155,32.72009,34.55041,283,285,,0,1372700280,,
2551,311040700,3216,154,32.71402,34.55164,283,284,,0,1372700100,,
2555,311040700,3220,153,32.69705,34.55514,284,285,,0,1372700460,,
2557,311040700,3222,153,32.69157,34.55631,284,284,,0,1372700160,,
2559,311040700,3224,153,32.68599,34.55748,284,284,,0,1372700040,,
2562,311040700,3227,153,32.67499,34.55973,284,285,,0,1372694400,,
2573,311040700,3243,154,32.61273,34.57209,283,283,,0,1372690800,,
2575,311040700,3245,154,32.60767,34.57308,283,282,,0,1372700100,,
2578,311040700,3248,155,32.59701,34.57522,283,282,,0,1372700340,,
2582,311040700,3252,156,32.57869,34.57889,283,282,,0,1372700220,,
2594,311040700,3266,158,32.51443,34.59227,284,283,,0,1372661580,,
2597,311040700,3270,159,32.49739,34.59593,284,282,,0,1372700100,,
2602,311040700,3276,160,32.474,34.60101,285,283,,0,1372700340,,
2604,311040700,3279,160,32.46783,34.60238,284,282,,0,1372667580,,
2612,311040700,3288,162,32.42221,34.61274,285,283,,0,1372700220,,
2617,311040700,3294,163,32.3985,34.61829,285,283,,0,1372700640,,
2623,311040700,3300,165,32.3693,34.62521,286,283,,0,1372700520,,
2625,311040700,3302,165,32.36342,34.62663,286,283,,0,1372700520,,
2629,311040700,3306,166,32.34475,34.63111,286,283,,0,1372700640,,
2631,311040700,3309,166,32.33346,34.63381,285,283,,0,1372699980,,
2637,311040700,3319,161,32.30401,34.64026,284,283,,0,1372700580,,
2644,311040700,3326,160,32.26254,34.64861,283,283,,0,1372699680,,
2646,311040700,3328,158,32.24539,34.65206,284,283,,0,1372700040,,
2648,311040700,3330,158,32.23505,34.65422,284,283,,0,1372700520,,
2650,311040700,3333,160,32.19477,34.66241,283,283,,0,1372700520,,
2651,311040700,3334,159,32.18267,34.66465,282,283,,0,1372697040,,
2652,311040700,3337,157,32.14736,34.67113,282,283,,0,1372698600,,
2653,311040700,3338,157,32.14169,34.67219,282,282,,0,1372700400,,
2654,311040700,3339,157,32.1361,34.67323,282,283,,0,1372693260,,
2657,311040700,3342,157,32.11234,34.67776,282,282,,0,1372700340,,
2659,311040700,3344,157,32.10105,34.67995,283,283,,0,1372700340,,
2660,311040700,3345,156,32.09541,34.68103,283,282,,0,1372700160,,
2661,311040700,3346,156,32.07749,34.68447,282,282,,0,1372700400,,
2662,311040700,3347,157,32.07185,34.68555,282,282,,0,1372694100,,
2665,311040700,3351,157,32.0369,34.69233,283,283,,0,1372700400,,
2669,311040700,3355,157,31.99163,34.70125,283,283,,0,1372696800,,
2670,311040700,3356,158,31.95133,34.70921,283,283,,0,1372700340,,
2671,311040700,3357,158,31.90416,34.71825,283,283,,0,1372698780,,
2672,311040700,3358,158,31.89788,34.71947,283,283,,0,1372700400,,
2673,311040700,3361,158,31.88029,34.72294,283,283,,0,1372700640,,
2674,311040700,3363,158,31.86265,34.72643,283,283,,0,1372699980,,
2675,311040700,3364,159,31.82158,34.73454,283,283,,0,1372700460,,
2676,311040700,3365,158,31.80388,34.73789,282,282,,0,1372700220,,
2678,311040700,3367,157,31.7628,34.74562,284,284,,0,1372696620,,
2679,311040700,3369,157,31.75152,34.74809,284,284,,0,1372700460,,
2680,311040700,3371,157,31.74589,34.74931,284,284,,0,1372700580,,
2681,311040700,3372,156,31.70552,34.75784,284,286,,0,1372700100,,
2682,311040700,3373,158,31.67028,34.76574,285,286,,0,1372700340,,
2683,311040700,3375,158,31.66422,34.76713,285,285,,0,1372698600,,
2684,311040700,3377,158,31.64666,34.77121,285,286,,0,1372700460,,
2685,311040700,3378,158,31.62925,34.77536,286,286,,0,1372700160,,
2686,311040700,3379,158,31.57162,34.78968,287,286,,0,1372700160,,
2687,311040700,3380,158,31.56601,34.79115,287,286,,0,1372700640,,
2688,311040700,3382,158,31.56041,34.79261,287,285,,0,1372700100,,
2689,311040700,3385,159,31.54764,34.79597,287,285,,0,1372700220,,
2690,311040700,3386,161,31.49384,34.80982,287,286,,0,1372700580,,
2691,311040700,3388,161,31.47452,34.81476,287,285,,0,1372700100,,
2692,311040700,3390,160,31.46114,34.81816,287,286,,0,1372700580,,
2693,311040700,3392,161,31.45493,34.81979,287,286,,0,1372700100,,
2694,311040700,3393,160,31.43108,34.82611,287,285,,0,1372700640,,
2695,311040700,3395,159,31.41354,34.83061,286,285,,0,1372700100,,
2696,311040700,3396,158,31.37743,34.83893,285,286,,0,1372700640,,
